{
  "method": "MPC2",
  "path": "path-f1",
  "dist_error": 51.016,
  "len": 33.13,
  "t": 67.0,
  "trav_w": 21.58,
  "rec_traj_x": [
    8.099999999999994,
    8.199999999999994,
    8.299999999999992,
    8.39999999999999,
    8.49999999999999,
    8.599999999999987,
    8.699999999999987,
    8.799999999999986,
    8.899999999999986,
    8.999999999999986,
    9.099958069285499,
    9.199886132710839,
    9.29981729896874,
    9.39929868722755,
    9.498639140365835,
    9.598023676333307,
    9.64771391404914,
    9.649343025783438,
    9.741472538141524,
    9.82350386017137,
    9.891851829470312,
    9.943529311810046,
    9.976277753236252,
    9.988665889714145,
    9.987386200126323,
    9.980190495773623,
    9.970315154768127,
    9.959208849182607,
    9.947587458568798,
    9.934898036423705,
    9.921473942742624,
    9.90763173768566,
    9.893745769851188,
    9.878266878641146,
    9.861793439042474,
    9.844790092052664,
    9.827730306074383,
    9.808790165141705,
    9.788726294214257,
    9.768077938729085,
    9.74736537800862,
    9.724674944591477,
    9.700821061413045,
    9.676367703531982,
    9.651852967438073,
    9.625336833794528,
    9.597651048616187,
    9.569365727357049,
    9.541025789714146,
    9.510688721799678,
    9.479188533865049,
    9.447094394417276,
    9.41495383195131,
    9.380831912762293,
    9.345558937679797,
    9.309700162458826,
    9.273803663315592,
    9.235954376209895,
    9.196964116828198,
    9.157395347007226,
    9.117796514057376,
    9.076271593759927,
    9.03362297797103,
    8.99040652740025,
    8.94716882583937,
    8.902035103119776,
    8.855796890180196,
    8.809002406737342,
    8.76219545928174,
    8.71352550800962,
    8.663772075217988,
    8.613474768205023,
    8.563173756478974,
    8.511045729762793,
    8.457857038045951,
    8.404137774531673,
    8.350423331844729,
    8.294920787332117,
    8.238382176436364,
    8.181327155830513,
    8.12428536830112,
    8.06549730554787,
    8.005699562730895,
    7.9454003800161646,
    7.8851225578997335,
    7.823130602693604,
    7.760166388490575,
    7.696720825551858,
    7.633306933398864,
    7.56822106709504,
    7.502195494261118,
    7.435706436671798,
    7.369257470921432,
    7.301202923476905,
    7.232227030141505,
    7.162798906931841,
    7.093414623807019,
    7.022486330523447,
    6.950664881386645,
    6.878406922798412,
    6.806197937657085,
    6.7325027916606865,
    6.657949581663194,
    6.582978753795864,
    6.508062987781838,
    6.431720488270263,
    6.354556375969862,
    6.2769941316417945,
    6.199492471946734,
    6.120625447352902,
    6.040974695767413,
    5.960945897674762,
    5.880982586438252,
    5.799717589164363,
    5.717704174982205,
    5.635328580755956,
    5.553031650532369,
    5.469500516439771,
    5.385263118149599,
    5.300685157316455,
    5.216188132413111,
    5.130524206673665,
    5.044196576900946,
    4.957550188762763,
    4.870985935507823,
    4.783325457478925,
    4.695045444166901,
    4.606469033549409,
    4.517975167239345,
    4.428458463130158,
    4.338367422609925,
    4.248002894593941,
    4.157714562515914,
    4.066484153440966,
    3.974726931752752,
    3.882720308522127,
    3.79078995500346,
    3.6979942707393523,
    3.6047182748239543,
    3.5112164604664664,
    3.41778938215259,
    3.3235765023211186,
    3.228930944452486,
    3.134083611066625,
    3.039308342278541,
    2.94382921004881,
    2.84796596922692,
    2.751869908960618,
    2.6558986986353137,
    2.5593134167834455,
    2.4623336128185103,
    2.3652022618390305,
    2.268212648388385,
    2.1705831610729303,
    2.0726911222924356,
    1.974704322039617,
    1.876390607521864,
    1.777892389630256,
    1.6792988853455615,
    1.5806860795036473,
    1.4817822133095955,
    1.3827216718824995,
    1.2835825565215901,
    1.1844293069307334,
    1.0850396034773573,
    0.9855273917604055,
    0.8859562206960857,
    0.7863748631596662,
    0.686628921419779,
    0.5868048766866698,
    0.48694566898939257,
    0.38708087517784046,
    0.287130599084243,
    0.18714955143382916,
    0.08715823697618616,
    -0.012834345778663464,
    -0.11283080847000682,
    -0.21280973741894102,
    -0.3127737590038339,
    -0.4127352462230993,
    -0.5126180161580951,
    -0.6124345985256605,
    -0.7122110871545819,
    -0.8119818367286032,
    -0.9115907964895109,
    -1.0110847948060657,
    -1.1105136011282521,
    -1.20993410450845,
    -1.309109494991898,
    -1.4081211427222318,
    -1.5070426419954934,
    -1.605953943834341,
    -1.7045366964117676,
    -1.8029069996982632,
    -1.9011623836655842,
    -1.9994063744730004,
    -2.097238384140723,
    -2.1948093880540425,
    -2.2922409271706163,
    -2.389660590994926,
    -2.486584964576454,
    -2.583200000859808,
    -2.6796512836219963,
    -2.7760909572870913,
    -2.8719542961929774,
    -2.967458801945938,
    -3.062774862094882,
    -3.158079950738426,
    -3.252726552653799,
    -3.3469663682341437,
    -3.4409939619040886,
    -3.5350123218976846,
    -3.628290590509937,
    -3.72111455080304,
    -3.813702872182535,
    -3.9062844869662268,
    -3.9980449790466737,
    -4.089304112178,
    -4.180304579613077,
    -4.2713016990122,
    -4.361397366577145,
    -4.450945176262025,
    -4.540211737795869,
    -4.629479122540498,
    -4.717765534133162,
    -4.805458229486503,
    -4.8928475525551445,
    -4.98024275608529,
    -5.066578365987014,
    -5.152275099528024,
    -5.2376468980296815,
    -5.323030502903324,
    -5.407276869397492,
    -5.490840054826716,
    -5.574057285248261,
    -5.657293123631661,
    -5.739304077000645,
    -5.820596495786736,
    -5.901526470994951,
    -5.982485003766732,
    -6.062153699369164,
    -6.141052672021345,
    -6.2195652436880895,
    -6.298112740202912,
    -6.375303040839623,
    -6.451677524500891,
    -6.527644253209047,
    -6.603654068402746,
    -6.678236174071088,
    -6.7519617010254045,
    -6.825260886344836,
    -6.898613360745007,
    -6.970468625543765,
    -7.041427580693542,
    -7.111942311620516,
    -7.182521525889592,
    -7.251535047204175,
    -7.319613750917005,
    -7.387231071623932,
    -7.454924997368616,
    -7.520986208352896,
    -7.586069523668146,
    -7.650668599118853,
    -7.7153699149717045,
    -7.778375291067119,
    -7.840368466867155,
    -7.901861909877557,
    -7.963470978339136,
    -8.023318943590935,
    -8.082120652242809,
    -8.140407457517487,
    -8.19882355677862,
    -8.255416560438443,
    -8.310931253242348,
    -8.365916791832223,
    -8.421046203703975,
    -8.474293159809635,
    -8.52643134087092,
    -8.578027033403735,
    -8.629782015859359,
    -8.679597536215837,
    -8.728274980618119,
    -8.776397672162668,
    -8.82468415297235,
    -8.870986424907757,
    -8.916125541110397,
    -8.960700224237636,
    -9.005457443292876,
    -9.048176793299804,
    -9.089705449151054,
    -9.130659192661279,
    -9.171813789072568,
    -9.210880616251442,
    -9.248730818666408,
    -9.28599676474797,
    -9.323482634054383,
    -9.358834415188317,
    -9.392944992679562,
    -9.426275320866788,
    -9.460037910006813,
    -9.49164442124064,
    -9.521755417412999,
    -9.551266024475229,
    -9.581350231854394,
    -9.608761595412668,
    -9.634966971813505,
    -9.660719634875367,
    -9.684817366980624,
    -9.70790671030273,
    -9.730450823591251,
    -9.75288567675925,
    -9.773505797240752,
    -9.793046062104553,
    -9.81201080594505,
    -9.830872992064679,
    -9.847794953289267,
    -9.863558889805772,
    -9.878713646101925,
    -9.893762810950896,
    -9.906805033827657,
    -9.918658585075327,
    -9.929890565129023,
    -9.941251743178183,
    -9.950564802725905,
    -9.95868576832255,
    -9.966437216108082,
    -9.974239338314828,
    -9.979970077168435,
    -9.984804610545856,
    -9.989152678798847,
    -9.993159029762543,
    -9.997027865739541,
    -9.999248282541433,
